90,42,43,20.87974371,82.00274423,6.502985292,202.9355362
85,58,41,21.77046169,80.31964408,7.038096361,226.6555374
60,55,44,23.00445915,82.3207629,7.840207144,263.9642476
74,35,40,26.49109635,80.15836264,6.980400905,242.8640342
78,42,42,20.13017482,81.60487287,7.628472891,262.7173405
69,37,42,23.05804872,83.37011772,7.073453503,251.0549998
69,55,38,22.70883798,82.63941394,5.70080568,271.3248604
94,53,40,20.27774362,82.89408619,5.718627178,241.9741949
89,54,38,24.51588066,83.5352163,6.685346424,230.4462359
68,58,38,23.22397386,83.03322691,6.336253525,221.2091958
91,53,40,26.52723513,81.41753846,5.386167788,264.6148697
90,46,42,23.97898217,81.45061596,7.50283396,250.0832336
78,58,44,26.80079604,80.88684822,5.108681786,284.4364567
93,56,36,24.01497622,82.05687182,6.98435366,185.2773389
94,50,37,25.66585205,80.66385045,6.94801983,209.5869708
60,48,39,24.28209415,80.30025587,7.042299069,231.0863347
85,38,41,21.58711777,82.7883708,6.249050656,276.6552459
91,35,39,23.79391957,80.41817957,6.970859754,206.2611855
77,38,36,21.8652524,80.1923008,5.953933276,224.5550169
88,35,40,23.57943626,83.58760316,5.85393208,291.2986618
89,45,36,21.32504158,80.47476396,6.442475375,185.4974732
76,40,43,25.15745531,83.11713476,5.070175667,231.3843163
67,59,41,21.94766735,80.97384195,6.012632591,213.3560921
83,41,43,21.0525355,82.67839517,6.254028451,233.1075816
98,47,37,23.48381344,81.33265073,7.375482851,224.0581164
65,37,40,23.35905428,83.59512273,5.333322606,188.413665
71,54,16,22.61359953,63.69070564,5.749914421,87.75953857
61,44,17,26.10018422,71.57476937,6.931756558,102.2662445
80,43,16,23.55882094,71.59351368,6.657964753,66.71995467
73,58,21,19.97215954,57.68272924,6.596060648,60.65171481
61,38,20,18.47891261,62.69503871,5.970458434,65.43835393
68,41,16,21.77689322,57.80840636,6.158830619,102.0861694
93,41,17,25.6217169,66.50415474,6.047906679,105.4654703
89,60,19,25.19192419,66.6902901,5.913664501,78.06639649
76,44,17,20.41683147,62.5542482,5.855442401,65.27798457
67,60,25,24.92162194,66.78627406,5.750254943,109.2162279
70,44,19,23.31689124,73.4541537,5.852607099,94.29712821
90,49,21,24.84016732,68.3584573,6.472523287,74.05474936
62,52,16,22.27526694,58.84015925,6.967057762,63.87020584
92,44,16,18.87751445,65.76816093,6.082973754,94.76189431
66,54,21,25.19008683,60.2001687,5.919045532,72.12375573
63,58,22,18.25405352,55.28220433,6.204747653,63.72358154
70,47,17,24.6129118,70.4162444,6.600827017,104.1626147
61,41,17,25.1420613,65.26185135,6.021902237,76.68456006
66,53,19,23.09348056,60.1159381,6.033550195,65.49730729
74,55,19,18.05033737,62.89366992,6.28886807,84.23613484
77,57,21,24.9321581,73.80435276,6.550563823,79.74078719
99,50,15,18.14710054,71.09445342,5.573286437,88.07753741
74,56,22,18.28362235,66.65952796,6.829199275,80.97573281
83,45,21,18.83344471,58.75082029,5.716222912,79.7532896
100,48,16,25.71895816,67.22190688,5.54990242,74.51490791
40,72,77,17.02498456,16.98861173,7.485996067,88.55123143
23,72,84,19.02061277,17.13159126,6.920251378,79.92698081
39,58,85,17.88776475,15.40589717,5.996932037,68.54932919
22,72,85,18.86805647,15.65809214,6.391173589,88.51048983
36,67,77,18.36952567,19.56381041,7.152811172,79.26357665
32,73,81,20.45078582,15.40312102,5.988992796,92.68373702
58,70,84,20.6543203,16.60820843,6.231049028,74.6631118
59,70,84,17.3348681,18.74926979,7.550808267,82.61734721
42,62,75,18.17912258,18.90426935,7.010570541,81.84997529
28,74,81,18.01272266,18.30968112,8.753795334,81.98568791
58,66,79,20.99373558,19.33470387,8.718192847,93.55280105
43,66,79,19.46233971,15.22538951,7.976607593,74.58565097
58,63,81,19.81344531,14.69765308,6.515499549,78.96514709
23,62,85,18.97424756,19.5161216,8.490127142,80.7108745
27,62,77,18.19737048,14.71070537,6.576415562,70.18185181
28,72,84,18.72963144,19.18197264,6.481783043,71.58010169
50,56,76,20.99502153,19.8601304,7.966605025,73.50734019
39,71,84,20.28155898,16.39535215,8.140825437,82.52339655
25,78,76,17.48042641,15.7559405,7.228963452,66.96980581
31,70,77,20.88818675,14.32313811,6.492546046,90.46228334
26,80,83,17.08498521,16.14565756,7.528599957,71.31007253
25,68,77,20.09340593,15.11279612,7.701446446,85.74904898
31,78,76,17.57212145,14.99927489,8.519975748,89.31050665
60,68,83,19.12065218,18.43475844,6.620900869,85.52950164
13,60,25,17.13692774,20.59541693,5.68597166,128.256862
25,70,16,19.63474332,18.90705639,5.759237003,106.3598183
31,55,22,22.91350245,21.33953114,5.873171894,109.225556
40,64,16,16.43340342,24.24045875,5.926676985,140.3717815
2,61,20,22.13974653,23.02251117,5.95561668,76.64128258
26,65,22,17.84806561,18.77621951,5.949949081,143.0984171
17,57,21,19.88394011,20.31564139,5.789214289,60.91974792
26,80,18,19.32509638,23.3334788,5.581021521,104.7783947
17,59,17,18.4167001,23.42829938,5.689858133,132.9801054
27,59,22,21.81167649,23.20591245,5.794158504,130.0608093
28,58,24,19.72702528,18.28173015,5.748190463,143.7630894
25,57,19,17.15432954,19.87070659,5.566522896,87.99669731
28,80,17,19.62207826,18.67170854,5.809419584,144.1567454
25,60,22,21.63149148,21.17919701,5.887263027,134.3649948
12,78,23,16.06522754,18.72479695,5.99812453,88.06638775
6,77,25,20.61162204,24.36314135,5.792744849,69.63833855
22,79,17,21.42451099,20.39659714,5.912289889,116.5206923
27,80,15,19.07096165,21.21092266,5.788386951,86.21917578
10,55,23,21.18853178,19.63438599,5.728233081,137.1948633
23,65,20,23.0429097,22.42610972,5.833940084,108.3684316
19,78,16,20.65375833,23.10538637,5.967533236,67.71768947
19,65,25,18.09551014,18.29318436,5.625096446,144.7902323
22,70,19,18.23775702,21.07643273,5.515615023,69.44951585
37,64,22,17.48189735,18.8251973,5.954665349,121.9401369
11,71,17,19.9191786,21.47324158,5.74644777,82.68554379
3,72,24,36.51268371,57.92887167,6.03160778,122.6539694
40,59,23,36.89163721,62.73178224,5.269084669,163.7266551
33,73,23,29.23540524,59.38967583,5.985792703,103.3301803
27,57,24,27.33534897,43.35795962,6.09186275,142.3303677
10,79,18,21.0643684,55.46985938,5.624731338,184.6226709
30,75,25,30.33276599,42.35249879,6.446091759,149.299952
40,70,20,31.80130272,45.03186173,5.623490043,147.0361442
38,55,19,33.18184225,38.23184742,5.864623352,198.8298806
35,58,20,29.38538562,63.47742011,5.761702519,90.05422663
38,61,21,30.27374995,67.38680755,4.696518678,127.7767134
33,58,24,35.45790488,68.75810535,5.269504214,108.6333046
16,56,17,33.80020039,40.03262418,7.445444883,176.6165894
31,72,17,28.69180475,49.47225353,5.833031708,96.36222901
16,80,20,31.24021696,56.67369054,7.339320929,122.0146733
27,72,17,28.98039357,57.23265151,6.347929353,120.7435664
40,62,19,27.32198928,34.13737127,4.697750704,96.51524028
18,58,16,21.47607807,38.80023714,4.962661422,180.382234
3,68,16,18.31910448,34.69776639,4.964887857,107.4721605
26,67,24,36.97794384,37.73992903,5.642813116,161.4812963
16,70,20,24.80467592,40.1242747,5.6093956,121.5639121
24,63,19,19.3479443,55.96805489,4.681576043,194.5921148
9,76,25,28.88302142,50.12323801,5.70951224,179.2155874
16,55,19,19.54314136,47.19188279,6.413543781,192.4372194
28,75,21,24.7741949,50.54621094,6.007508163,114.2821387
16,71,24,18.33124824,38.40975482,4.946369874,139.6483317
3,49,18,27.91095209,64.70930606,3.692863601,32.67891866
22,59,23,27.32220619,51.27868781,4.371745575,36.5037914
36,58,25,28.66024187,59.3189118,8.399135958,36.92629678
4,43,18,29.02955344,61.09387478,8.840656256,72.98016599
29,54,16,27.78031515,54.65030015,8.153022903,32.05025323
32,43,22,31.99928579,54.1077461,5.270749441,71.6266696
14,55,15,27.33580911,55.27755933,8.050304395,73.44775287
5,35,20,28.92952635,53.57014709,9.679240873,66.35634104
25,57,24,27.65472156,58.59986279,6.974978386,36.94255012
11,53,24,28.52396666,55.77264351,7.39389918,61.32935611
40,49,17,31.02215872,45.89239456,6.68727523,53.56783314
38,56,25,25.74095321,45.38497051,7.88118645,67.43488235
27,43,23,31.70447482,56.85420099,5.875333778,44.94317432
24,38,22,24.47876451,58.51663927,8.202706015,34.96933295
23,45,21,31.46511256,51.79939437,8.985348193,74.44330654
29,57,20,25.60973447,50.7330069,5.87707519,53.39249517
31,35,23,30.30260453,47.18283631,7.707595055,68.04039813
0,55,25,28.17489437,43.6672299,4.524171562,45.78172762
7,45,22,25.50634557,44.8302551,9.926212291,74.32635105
17,58,25,31.12896766,43.58788762,6.455592696,32.76742894
11,44,17,26.34043268,55.59160391,8.016210782,35.1051197
22,49,22,28.23494706,61.5620517,3.71105919,72.66666443
9,51,19,27.04453473,49.32609633,5.49091063,48.25207759
28,48,15,25.16125354,55.25435777,9.254089438,40.89732789
26,50,19,27.3179125,51.66921088,6.005242945,32.55919573
19,55,20,27.43329405,87.80507732,7.18530147,54.73367631
8,54,20,28.3340432,80.77275974,7.034214276,38.7976407
36,55,20,27.01470397,84.34262707,6.635968698,55.296354
10,56,16,28.17432665,81.04554836,6.828187499,36.35720652
22,56,17,29.87888063,87.32761241,6.89077995,44.75215854
9,57,24,29.89232778,89.71503316,7.165121109,42.99498978
34,59,23,28.56212158,83.24855855,6.935804256,56.48265193
31,51,25,27.53592929,85.5701901,7.196774236,53.01899249
0,49,18,29.68361658,87.93598094,6.990095452,41.82490236
21,39,20,28.14448546,82.1193047,7.064782138,46.75690086
28,35,22,29.53037621,86.73346018,7.156563094,59.87232071
17,52,17,27.88352946,86.45147631,6.364967184,44.64407105
24,42,23,28.22471276,82.35916228,6.428054409,44.01206619
28,46,16,29.008124,84.96089355,6.664187809,45.91011391
21,38,21,29.75538903,86.45193297,6.637677489,37.54602719
34,60,25,29.78416743,85.16906976,6.79385576,40.77872823
19,53,22,27.8640132,80.4513142,6.852884643,42.83053902
31,58,15,27.11026483,84.96771717,7.121571293,51.52617423
19,35,24,27.11030369,83.64274107,6.883308033,49.11964582
24,53,17,28.95451232,89.07866095,6.421271178,57.65901369
13,47,20,29.21780035,87.93724219,6.54450214,43.1386631
31,53,16,28.7420098,85.81675947,6.452006451,48.54598575
28,45,23,29.65021184,80.29868321,6.489259136,56.76278363
31,37,21,27.23924995,86.404241,6.713410626,37.31236904
33,60,15,28.95172351,81.67085323,6.510840928,56.51103293
56,79,15,29.48439992,63.19915325,7.454532137,71.89090748
25,62,21,26.73433965,68.13999721,7.040056094,67.15096376
42,61,22,26.27274407,62.28814857,7.418650668,70.23207557
42,73,25,34.03679184,67.21113844,6.501869314,73.23573601
44,58,18,28.03644051,65.06601664,6.814410928,72.49507741
50,55,16,28.81460716,65.33538112,7.581442888,62.26242533
35,72,21,34.03619494,64.28791388,7.741418772,66.85510868
30,64,20,33.8642935,61.57072498,6.573531614,68.02199825
27,64,21,32.84213012,68.68401492,7.543804223,73.67166182
50,74,17,27.10053268,63.36085585,6.5408208,73.84949872
39,73,24,25.65842532,61.18235808,7.22405917,69.28607828
57,67,25,32.34744009,66.61452812,7.551364319,64.55882254
52,63,19,29.58949031,68.32176769,6.928898659,67.53021213
55,66,22,30.91219459,68.79427388,7.747775263,66.63830637
51,56,18,28.12787838,64.2097765,6.706505915,70.86340755
36,66,15,30.08545364,69.34811988,6.668238556,67.1367443
59,55,19,31.74379487,62.51007687,7.332375138,68.97097538
50,58,23,27.81326852,62.50460464,7.596802025,69.75555541
30,65,25,32.88733849,64.59457409,7.70650895,71.50569456
20,62,18,29.36358721,64.98742947,7.366542647,61.91208707
58,71,15,27.82592799,67.5861883,6.919243702,74.01229707
25,71,24,28.49538735,60.44848407,7.187721818,74.91559514
52,71,16,27.74274761,68.53997144,7.075886472,71.78615328
40,63,18,30.41588462,67.66323804,6.74441168,63.02473185
20,60,25,27.3254209,69.09047809,6.726469088,61.19250859
32,76,15,28.05153602,63.49802189,7.604110177,43.35795377
13,61,22,19.44084326,63.27771461,7.728832424,46.83130119
38,60,20,29.84823072,60.63872613,7.491217102,46.80452595
11,74,17,21.36383757,69.92375891,6.633864582,46.6352865
37,71,16,26.28663931,68.51966729,7.324863481,46.13833007
29,71,18,22.17499963,62.13873825,6.410441476,53.46622584
2,72,18,26.57597546,60.97876599,7.836719564,50.89110726
6,59,21,26.58972517,66.14007674,6.139215944,50.90994463
13,64,20,19.1345771,62.57526895,6.590571088,36.46946971
8,58,17,28.75273118,69.15640149,7.286049978,35.15426171
6,77,20,25.78746268,60.2816298,6.058306161,49.14337177
2,75,22,23.89271875,61.78779413,6.658605362,52.55730112
3,69,23,28.67408774,63.18832976,7.299360767,42.96018627
27,80,24,28.42062847,61.77336343,7.815210661,49.02366803
39,78,15,21.35499456,62.60136323,5.925391795,41.78219834
40,79,17,21.12695586,63.18738532,6.403683619,38.71834464
37,62,22,24.02037872,61.62313345,7.397546271,49.78102578
31,60,24,25.40474421,65.8567539,7.722335992,51.92057267
22,67,22,29.03017561,64.49166566,7.475926645,54.9393771
3,78,18,20.21368219,68.65257685,6.887130053,50.89732989
4,80,16,29.19585548,68.01965728,7.441976825,44.93261911
13,61,24,18.29783597,69.6897615,7.629910253,49.39111479
12,66,20,27.41434987,63.41785982,7.336117221,44.43177543
4,61,21,24.84063998,60.09116626,6.75020529,48.77790371
9,60,21,29.94413861,67.31323084,7.52178027,40.37113729
2,24,38,24.55981624,91.63536236,5.922935513,111.9684622
6,18,37,19.65690085,89.93701023,5.937649578,108.0458926
8,26,36,18.78359608,87.4024767,6.804781106,102.5184759
37,18,39,24.1469628,94.5110662,6.424670614,110.2316633
0,27,38,22.44581266,89.90147027,6.738016221,109.3905998
31,25,38,24.96273236,92.40501423,6.497366677,109.4169192
21,21,38,22.5526059,89.3259486,6.327673765,104.8955643
6,30,40,22.77035608,91.45498527,6.36137446,106.9659201
25,27,41,19.20090378,94.27659596,6.923509371,108.0423555
15,11,38,23.12808226,92.68328358,6.630646083,109.3930157
14,5,36,24.92639065,85.19098079,5.832525853,104.7693804
16,10,41,24.77464458,85.63608688,6.738993954,105.7595811
36,7,37,19.8671184,86.35590206,5.782435567,108.3168858
4,20,41,24.26601316,93.7974061,6.537042717,104.5375109
29,22,40,23.62600218,89.73266695,6.145104401,107.6836871
16,15,42,19.67832052,89.08935702,6.890784045,108.5468633
18,27,41,22.36509395,92.30882391,7.175344328,104.8216333
11,18,42,21.57936934,94.88267728,5.938528744,102.8593382
5,15,38,18.26233221,88.16779129,5.709380472,108.0756727
18,23,44,23.71028128,89.61794165,6.184400085,105.6499907
9,8,40,22.48720144,89.9224883,6.553509673,111.6631582
40,27,45,21.6602498,94.79397419,5.885638185,112.4349689
22,23,44,20.13037175,89.31505137,6.143874691,107.3416913
9,16,39,18.41164435,91.11927248,6.101198974,105.1834976
12,29,40,19.68291173,89.75272999,6.594037135,111.2818551
91,94,46,29.36792366,76.24900101,6.149934034,92.82840911
105,95,50,27.33368994,83.67675197,5.849076099,101.0494791
108,92,53,27.40053601,82.96221306,6.276800323,104.9378
86,76,54,29.3159075,80.11585705,5.926824754,90.10978128
80,77,49,26.05433004,79.39654531,5.519088423,113.2297373
93,94,53,25.86632408,84.42379269,6.079178788,114.5357503
90,92,55,27.00932084,80.18546798,6.13465588,97.32531705
108,89,53,29.55054817,78.06762846,5.808497604,99.34482238
108,88,55,26.28845991,83.390039,5.891458107,113.8729798
105,77,52,29.16226551,76.16151562,5.816622479,100.0075679
118,88,52,28.65003945,82.68752542,5.843163161,98.75084366
101,87,54,29.07311132,76.50045221,6.376756633,100.1692639
95,75,50,28.08166093,75.26429821,5.623615687,118.2761894
106,85,53,27.1994597,78.8086068,5.91505509,99.72430835
86,95,49,28.05484146,78.04602887,6.458714879,108.3957179
83,79,55,25.14748006,83.34688193,5.565028635,98.66679427
85,95,47,25.94019018,78.3422098,6.211833161,119.84797
109,79,45,27.66752761,79.68542782,6.490074429,108.66464
100,76,45,25.56703012,75.94067692,5.590236025,102.7867717
117,86,48,28.6956201,82.54195839,6.225225239,116.1616839
114,94,53,26.33544853,76.8532006,6.190757459,118.6858263
110,78,50,25.93730186,78.89864446,5.915568968,98.21747528
94,70,48,25.13686519,84.88394407,6.195152442,91.46442491
80,71,47,27.50527651,80.79783998,6.156373499,105.0776992
114,79,51,26.21009246,82.34429458,6.313197204,112.0700033
2,40,27,29.73770045,47.54885174,5.954626604,90.09586854
39,24,31,33.55695561,53.72979826,4.757114897,98.67527561
21,26,27,27.00315545,47.67525434,5.699586972,95.85118326
25,22,25,33.56150184,45.53556603,5.977413803,95.70525913
0,21,32,35.89855625,54.25964196,6.430139436,92.19721736
20,19,35,34.17719782,50.62161586,6.113935087,98.00687989
19,21,34,30.01592643,53.19212381,5.074272692,97.72843182
18,17,31,31.74592134,45.16127859,5.667507706,93.75441586
11,36,33,35.99009679,52.22780489,5.978634285,95.3713484
30,28,30,31.86641378,52.19331595,5.064613314,98.46768642
18,19,27,27.75518664,52.34605806,4.772385986,94.11213345
23,23,27,34.72413192,51.4271781,5.161148592,97.31258083
37,30,34,27.53907547,53.63549533,6.797779227,99.35408185
11,27,30,27.69637763,48.5622488,6.39474303,89.85646496
12,19,31,27.25373364,52.66319725,5.566704378,91.87312479
3,28,33,30.33723921,48.88704844,5.755049971,94.42850522
37,38,32,31.85744939,45.53106268,5.417340525,91.55845821
26,37,30,35.39986338,49.45962621,6.166173834,97.41054011
14,18,30,29.80747243,52.13797867,5.191265116,95.74606104
40,16,35,34.16438906,54.16482251,4.954739564,98.33351125
4,20,25,28.93270187,47.94053996,5.664587011,99.9834242
36,25,33,27.98392787,53.33018851,5.548584852,99.61465679
30,17,31,31.20478173,54.49960506,6.804437106,94.62954663
28,37,28,32.13409675,50.52559148,6.097869767,98.63333684
38,15,30,28.91862016,48.13974548,5.075504537,97.01331604
24,130,195,29.99677232,81.54156612,6.112305667,67.12534492
13,144,204,30.7280404,82.42614055,6.092241627,68.38135469
22,123,205,32.44577836,83.88504863,5.896343436,68.73932528
36,125,196,37.46566825,80.65968681,6.15526103,66.83872293
24,131,196,22.03296178,83.74372787,5.732453638,65.34440794
2,123,198,39.64851881,82.21079946,6.253034534,70.39906054
35,140,197,16.77557314,82.75241875,6.106190557,66.76285469
11,122,195,12.14190714,83.56812483,5.647202395,69.63122027
6,123,203,12.7567962,81.62497448,6.130310493,66.77844567
17,134,204,39.04071989,80.18393287,6.499604931,73.88467027
25,130,197,39.70772192,82.68593454,5.554831977,74.91506217
27,145,205,9.467960445,82.29335466,5.800242694,66.02765219
9,122,201,29.58748357,80.91934392,5.570290539,68.06417307
16,139,203,17.82803682,80.96093443,6.27564088,65.84748763
32,141,204,8.825674745,82.89753705,5.536645599,67.235765
22,138,195,27.83487131,83.51444973,6.208196881,73.02882766
31,144,202,11.02105378,80.55557235,5.870600622,68.23963161
3,136,205,17.5862944,80.84806564,6.334771461,71.4065452
28,122,197,19.89363946,82.73366439,5.856575335,69.66256816
4,136,204,29.93707596,81.77713468,5.898944282,65.52279323
39,145,201,36.73126647,80.58931938,5.775600435,72.24230804
38,132,197,20.42094753,81.54185044,5.931101816,66.93065667
36,133,198,25.51939719,83.98351748,6.2286454,69.17281221
25,121,201,30.50734778,82.71775569,5.594240603,70.08200379
15,125,199,18.4269936,80.55625868,5.569230319,69.75734306
119,25,51,26.47330219,80.92254421,6.283818329,53.65742581
119,19,55,25.18780042,83.44621709,6.818261383,46.87420883
105,30,50,25.29954705,81.77527562,6.37620108,57.04147057
114,8,50,24.74631269,88.30866319,6.581587932,57.95826144
93,22,52,26.58740671,81.32563243,6.932739726,41.87540028
80,26,55,24.53442564,88.989272,6.140099215,49.11618732
85,27,45,26.0713757,88.7285657,6.467095849,57.79652846
85,22,53,25.96534238,89.77076659,6.849471704,59.46338556
82,22,45,26.22338015,85.34866045,6.512196212,54.60159289
118,13,54,24.41311871,89.81574032,6.039584629,44.07843475
83,25,53,26.49195283,80.04678201,6.057697106,57.72799157
86,15,47,24.04355803,84.18406764,6.423898762,53.78929956
101,10,47,25.5421695,83.31883376,6.936997681,57.57343233
119,9,50,26.74550678,83.9195902,6.251286661,40.794305
104,17,46,25.7131428,80.22972777,6.190015912,43.08961827
95,12,51,25.76484262,84.1726996,6.681606702,44.22066914
102,14,52,26.79489868,89.64815231,6.51075991,57.74091817
109,21,55,24.9004602,89.73524177,6.770278088,57.44942094
81,18,50,26.80750629,88.22874955,6.429788073,58.79889057
103,17,51,25.11189154,80.02621335,6.209888345,44.20656987
105,14,50,26.2148837,87.6883982,6.419052193,59.65590798
97,8,52,24.9103226,86.97190046,6.237861736,49.48575692
120,19,49,25.79448878,84.26830701,6.762471629,56.45229202
95,16,55,25.26931156,87.55055105,6.612847999,40.12650421
83,29,52,25.76402693,87.5931128,6.704688865,46.05122728
115,17,55,27.57826922,94.11878202,6.776533055,28.08253201
114,27,48,27.82054812,93.03555162,6.528404378,26.32405487
101,25,52,29.09910406,94.22237826,6.750145572,22.52497327
118,18,52,28.04943594,90.83130708,6.562832807,20.76223014
95,26,45,29.91690582,94.55695552,6.117530021,28.16057247
81,25,49,29.86895762,93.25103208,6.076459669,26.26243014
117,24,53,29.17220859,92.21405224,6.293486295,21.30290472
114,30,51,29.24908541,90.06998135,6.069171847,25.93496537
113,6,52,27.76317235,90.35567642,6.740983646,25.21609113
108,26,52,28.82629037,94.26765349,6.201797639,26.23838511
81,30,48,28.52379742,92.09688432,6.041027474,29.86681385
115,9,52,29.06785065,90.97685539,6.019372459,29.1194739
83,7,45,29.08417927,90.73891887,6.704104127,25.33014238
84,21,55,28.47090661,94.79453182,6.494251024,21.08484101
109,26,45,28.27973674,90.38971208,6.224535449,21.58992507
95,27,55,28.47212559,91.21322065,6.160414414,20.88620369
119,5,55,29.68846716,94.30111601,6.168757984,26.83924845
110,14,51,27.02415146,91.66737633,6.085444691,21.26034986
82,18,48,29.09588297,94.16748386,6.159050816,26.70581328
87,14,48,29.69238699,92.58862544,6.606033244,29.1102594
85,9,53,28.20619412,92.86798698,6.447662945,28.78654515
100,6,53,29.05248036,93.92217834,6.105909623,23.66620626
107,12,46,29.57240298,93.61870344,6.559763394,27.56918621
91,13,47,29.10968327,92.43510994,6.14410903,27.95602304
102,25,50,28.20480805,92.91440379,6.099662369,20.36001144
24,128,196,22.75088787,90.69489172,5.521466996,110.4317855
7,144,197,23.8494014,94.34814995,6.133220586,114.0512495
14,128,205,22.60800988,94.58900601,6.226289556,116.0396587
8,120,201,21.18667419,91.13435689,6.321152192,122.233323
20,129,201,23.41044706,91.69913296,5.587905967,116.0777931
32,137,204,22.86006627,93.12859895,5.824151693,117.7296726
27,139,205,22.48403042,93.40819246,5.772179946,105.5473627
0,123,205,22.02775403,92.96129462,5.790993052,121.1349176
22,144,196,21.91191314,91.68748063,6.499226821,117.0761277
1,124,199,23.71059131,93.27392415,5.658473817,112.6676589
30,122,197,21.37784654,92.72043743,5.573241391,106.1417017
29,121,196,22.84852833,94.32130209,6.079497202,123.5977843
13,126,204,23.1094265,92.79630809,6.383180271,108.183792
9,139,199,23.25230817,94.54128292,5.867420996,105.3558408
0,133,200,23.67287749,90.4935574,5.708418722,104.2298028
30,143,199,23.76881552,90.59810302,5.7983508,102.2648546
36,140,198,23.34386401,91.47684705,6.28188384,104.4267991
37,137,199,22.63946441,90.18451645,5.697945522,108.3405879
33,121,203,22.45696744,94.76285385,5.605934087,114.8407725
7,144,195,22.96388477,93.58065995,5.85648105,104.6472986
35,128,205,21.07273439,93.56585985,6.041053829,107.8737015
29,128,198,22.44075021,92.70785115,5.685062404,121.4977331
2,143,196,22.71271308,90.45261746,5.669489065,109.8852597
34,140,198,21.70416965,93.44006288,5.751707342,115.1781396
29,144,204,22.43324518,92.48667725,5.800448951,119.1025189
22,30,12,15.78144173,92.51077745,6.354006744,119.035002
37,6,13,26.03097313,91.50819306,7.511755068,101.2847738
27,13,6,13.36050601,91.35608208,7.335158382,111.2266885
7,16,9,18.87957654,92.04304496,7.813916603,114.6659511
20,7,9,29.47741671,91.57802915,7.129136941,111.1727497
26,27,10,28.06903173,92.91487288,6.079998496,114.1339416
5,23,15,25.66901098,92.04670813,7.408939392,112.5424199
0,18,14,29.77149434,92.00719952,7.207991261,114.4161786
39,24,14,30.55472573,90.90343769,7.189259647,106.0711985
13,23,6,23.96147583,90.26408017,7.365338111,102.6958703
21,17,15,23.98289638,91.5473145,7.455991072,118.4901697
33,12,8,25.26052689,90.31153735,6.822282114,117.3695296
6,9,12,31.08368929,90.14362642,7.028746406,109.6894658
19,7,10,14.78003032,91.22062116,6.118430299,100.1961762
24,18,6,26.56608303,94.45239715,6.285312759,116.3796525
9,11,8,24.85903405,94.39000473,6.559236744,111.7803734
31,8,7,34.51465139,93.63812684,7.163245982,103.5684926
22,17,5,24.12188673,90.72351622,6.945562889,102.835632
13,5,8,23.85340379,90.10522549,7.474710503,103.923226
16,8,9,24.60297538,91.28408653,7.601189843,111.2948115
4,13,6,15.63211033,94.25966183,7.561143224,101.4705704
0,25,14,19.33516809,91.97978938,6.361671475,116.450422
8,7,10,28.2620488,91.98317355,6.929216014,105.2132259
4,23,5,22.67594476,93.36348717,7.477935216,110.3332655
33,14,8,21.03200078,92.9641969,7.684420446,110.6823944
61,68,50,35.21462816,91.49725058,6.793245417,243.0745066
58,46,45,42.39413392,90.79028064,6.576261427,88.46607497
45,47,55,38.4191628,91.14220381,6.751452932,119.2653877
39,65,53,35.33294932,92.11508608,6.560743093,235.6133585
31,68,45,42.92325255,90.07600528,6.938313356,196.2408242
70,68,45,33.83508569,92.85470152,6.991626158,203.4044028
68,62,50,33.20258348,92.76437927,6.977700268,197.5282582
34,65,47,23.48546973,93.71043692,6.833768535,191.7760562
38,68,54,29.33710543,90.81781439,6.739170045,202.0572747
69,64,47,40.21199348,94.50766912,6.993473247,186.6762324
58,51,47,42.13473976,91.70445386,6.757470637,197.402901
59,47,53,32.86316618,91.4618874,6.850663232,47.271547
44,64,54,29.80744318,91.38048469,6.74274935,232.7046126
56,57,48,31.56213762,93.0484859,6.506120752,63.62250788
69,60,54,36.32268069,93.06134398,6.98992719,141.1736926
56,58,49,37.13165026,94.60761797,6.69215564,172.4788062
49,55,53,38.4418717,93.63739039,6.544029776,77.71566883
38,51,52,32.66160599,90.78931681,6.927803911,78.85085502
54,65,47,27.92765919,91.55594211,6.721835879,149.9107557
57,57,51,39.01793345,91.48815629,6.99223441,105.8841531
39,52,53,32.51247398,94.65904123,6.704204398,51.07048113
58,67,45,38.72382798,91.72514851,6.702424548,62.62377075
61,64,52,43.30204933,92.83405443,6.641098708,110.562229
34,62,55,27.58548913,90.72526502,6.585346229,238.5008779
31,48,45,40.78881819,92.90951393,6.563134737,132.7923586
18,30,29,26.7627493,92.86056895,6.420018717,224.5903664
37,23,28,25.61294367,94.3138837,5.740054567,224.3206759
13,28,33,28.130115,95.64807631,5.686972967,151.0761899
2,21,35,25.02887163,91.53720922,6.293662363,179.8248944
10,18,35,27.79797651,99.64573002,6.381975465,181.6942283
7,11,32,29.25902906,95.11294697,5.542169139,184.7624496
39,5,31,27.10134661,93.69979946,5.551963184,150.9502632
34,6,27,25.84726298,90.92669463,5.860740481,147.8888994
31,30,29,26.58580443,90.98617591,5.558807063,178.8116076
25,7,35,28.38503882,99.18843684,5.55771171,189.6711349
16,18,26,28.43647052,91.81320717,5.568365926,145.5414413
26,10,33,28.27298134,96.93649473,6.07071786,198.8234862
27,8,32,27.00648436,96.46168931,5.627860549,144.3331315
37,18,30,27.63551259,99.34854917,6.38488418,157.9171537
19,15,34,26.29644905,99.65809151,5.685889066,215.9195049
0,19,33,27.1326009,95.23797989,6.234458417,204.7206567
31,20,26,25.56567803,97.61361544,6.443168642,199.7936345
9,17,32,25.94951662,93.40548703,5.842317989,172.0540491
22,11,29,28.03380598,95.01630593,5.955742971,218.0055713
31,6,26,29.12859129,91.30924833,5.741367375,157.2388553
34,6,30,27.0828252,97.00155491,5.948342571,171.7575545
24,6,32,28.11321494,90.01734526,6.387067562,172.4813641
1,8,26,27.5136304,94.18955816,5.562911913,156.6732553
31,13,33,27.63834933,95.48763389,5.85971872,205.5463111
10,9,28,29.01256899,94.01014388,6.282955073,150.0500312
133,47,24,24.40228894,79.19732001,7.231324765,90.8022356
136,36,20,23.09595631,84.86275707,6.925412377,71.29581071
104,47,18,23.9656349,76.97696717,7.633437412,90.75616738
133,47,23,24.88738107,75.62137159,6.827354668,89.76050416
126,38,23,25.36243778,83.63276077,6.176716425,88.43618918
126,50,19,24.69457084,81.7358876,6.628722836,78.58494391
113,41,20,25.0017188,80.53965818,7.256877571,96.32600992
121,45,22,22.45942937,81.30681027,6.443785385,64.23026638
121,47,16,23.60564038,79.29573149,7.723240151,72.49800885
129,60,22,24.58453146,79.12404171,5.947448589,71.94608134
107,45,25,23.0865933,83.55546146,7.227745516,71.84080724
122,59,18,23.5000992,83.63488952,6.219469084,79.81328183
140,38,15,24.1472953,75.88298598,6.021439523,69.91563467
102,49,21,24.69315538,84.84422454,6.253343655,89.799462
111,40,25,24.484692,84.44932014,6.187455799,90.94342484
131,35,18,24.49112609,82.24415809,7.057693366,64.02949379
135,43,16,23.47986888,81.73049149,6.720449769,86.76287924
100,46,18,24.18586246,76.04203958,6.431689506,69.08056728
123,39,24,25.00755095,78.17952126,7.453106264,86.06411872
117,56,15,25.99237426,77.0543546,7.368258226,89.1188212
121,36,24,23.66457347,81.69105088,7.352401887,99.36898373
101,58,18,25.66891439,81.38103349,6.652143699,78.59595817
107,42,24,22.04612876,84.62978302,6.144631795,86.00758678
100,41,22,22.4204752,84.55794703,7.318802162,93.46595573
125,39,21,25.03149561,82.21276599,7.954629324,95.0191318
89,47,38,25.52468965,72.24850829,6.002524871,151.8869972
60,37,39,26.59104992,82.94164078,6.033485257,161.2469997
63,41,45,25.29781791,86.8870535,7.121933579,196.6249511
86,40,39,25.72100868,88.16513579,6.207459637,175.6086697
96,41,40,23.58419277,72.00460848,6.090060478,190.4242157
100,35,36,25.31042337,72.01364411,6.346715209,190.5577618
63,37,43,23.41798979,85.08640476,6.661957897,185.7446728
70,43,40,24.35564134,88.80391021,6.176860192,169.1168028
67,55,44,26.284017,75.14640198,7.251847296,182.2685447
74,40,40,25.13842773,83.12053888,6.386259978,169.3388465
89,53,44,24.88692811,71.91711523,7.319735475,150.2498675
74,46,45,25.75734909,88.36668522,6.025028997,189.4263485
89,41,38,23.12844351,74.68322732,6.344751947,199.8362913
60,55,40,24.9949957,88.95692783,7.02777956,151.4935635
67,43,38,25.21622704,70.88259632,7.299304715,195.8645552
70,38,35,24.39736241,79.26861738,7.014063944,164.2697011
74,49,38,23.31410442,71.4509053,7.488014404,164.4970373
90,40,39,25.72668885,81.86171563,6.626503893,191.9649389
82,35,44,26.96656378,78.21047693,6.239011,169.8391177
73,45,37,23.70467146,74.63745355,6.742688094,181.2783964
85,53,38,24.90075709,73.84186449,6.588017308,153.8990984
81,56,36,23.39605743,72.60512854,7.097586415,174.7876411
84,55,38,26.8748389,79.78725152,6.956682743,173.1017097
80,45,42,23.1426498,74.99739774,7.380396262,151.9035477
76,54,45,24.29496635,77.62976013,6.176618831,184.9800516
91,21,26,26.33377983,57.36469955,7.261313694,191.6549412
107,21,26,26.45288458,55.32222678,7.235070264,144.6861336
83,38,35,25.70822684,52.88667115,7.18915558,136.7325092
108,24,31,24.12832546,56.18107663,6.431899748,147.2757818
116,28,34,23.44372334,60.39523266,6.42321105,122.2103248
116,23,25,23.4123707,52.26994674,6.869720196,139.3670753
109,31,27,23.05951896,50.40609436,6.973839707,164.4971875
89,25,34,23.07895447,63.65861483,7.184801627,129.8765443
118,18,32,27.6496114,51.11044023,6.351823783,122.8392822
111,32,34,25.46743689,69.35161206,6.392048018,171.3764462
84,36,28,26.7350622,55.55164819,6.119892347,140.6305213
85,33,25,26.20811417,52.50987966,6.910823945,189.0944824
99,15,27,27.0424167,57.27927475,6.501157208,165.6872119
81,30,31,24.65090184,51.93952357,7.027585559,135.1386537
95,39,29,27.35152643,55.99375012,7.13411409,148.9812525
81,34,30,25.17787724,62.26244581,6.647765997,135.0119649
80,15,28,23.11438731,68.00096043,6.703270635,161.8944624
104,20,26,27.22783677,52.95261751,7.493191968,175.7260273
109,29,28,23.26316991,60.5160021,6.724688503,194.1755471
100,32,26,25.234661,57.53161469,6.043485685,124.2261737
100,24,28,25.59535262,57.72920846,7.101661011,195.7733251
83,21,28,25.5674832,60.49244602,7.466900683,190.2257843
120,23,28,25.67324193,51.29043632,6.877799264,196.2736367
104,26,30,24.40726724,62.65692638,6.410992833,148.6977358
108,33,31,23.69287069,66.76090123,7.393825704,144.6576424
